{
  "fonts": [
    {
      "id": "arial",
      "name": "Arial",
      "family": "Arial",
      "category": "sans-serif",
      "description": "Universal Sans-Serif - Clean and professional",
      "recommended": true,
      "weight": 400
    },
    {
      "id": "helvetica",
      "name": "Helvetica",
      "family": "Helvetica",
      "category": "sans-serif",
      "description": "Classic Sans-Serif - Modern and elegant",
      "recommended": true,
      "weight": 400
    },
    {
      "id": "segoe-ui",
      "name": "Segoe UI",
      "family": "Segoe UI",
      "category": "sans-serif",
      "description": "Modern Windows Font - Highly readable",
      "recommended": true,
      "weight": 400
    },
    {
      "id": "roboto-alt",
      "name": "Roboto Alternative",
      "family": "Roboto Alternative",
      "category": "sans-serif",
      "description": "Android-like clean font",
      "recommended": true,
      "weight": 400
    },
    {
      "id": "open-sans-alt",
      "name": "Open Sans Alternative",
      "family": "Open Sans Alternative",
      "category": "sans-serif",
      "description": "Friendly and readable",
      "recommended": true,
      "weight": 400
    },
    {
      "id": "lato-alt",
      "name": "Lato Alternative",
      "family": "Lato Alternative",
      "category": "sans-serif",
      "description": "Rounded Sans - Warm and friendly",
      "recommended": false,
      "weight": 400
    },
    {
      "id": "ubuntu-alt",
      "name": "Ubuntu Alternative",
      "family": "Ubuntu Alternative",
      "category": "sans-serif",
      "description": "Modern and distinctive",
      "recommended": false,
      "weight": 400
    },
    {
      "id": "calibri",
      "name": "Calibri",
      "family": "Calibri",
      "category": "sans-serif",
      "description": "Microsoft Office Font - Professional",
      "recommended": true,
      "weight": 400
    },
    {
      "id": "tahoma",
      "name": "Tahoma",
      "family": "Tahoma",
      "category": "sans-serif",
      "description": "Compact Sans-Serif - Space efficient",
      "recommended": false,
      "weight": 400
    },
    {
      "id": "verdana",
      "name": "Verdana",
      "family": "Verdana",
      "category": "sans-serif",
      "description": "High Readability - Perfect for screens",
      "recommended": true,
      "weight": 400
    },
    {
      "id": "trebuchet",
      "name": "Trebuchet MS",
      "family": "Trebuchet MS",
      "category": "sans-serif",
      "description": "Humanist Sans - Elegant and readable",
      "recommended": false,
      "weight": 400
    },
    {
      "id": "gill-sans-alt",
      "name": "Gill Sans Alternative",
      "family": "Gill Sans Alternative",
      "category": "sans-serif",
      "description": "Classic British font style",
      "recommended": false,
      "weight": 400
    },
    {
      "id": "century-gothic",
      "name": "Century Gothic",
      "family": "Century Gothic",
      "category": "sans-serif",
      "description": "Geometric Sans - Modern and bold",
      "recommended": false,
      "weight": 400
    },
    {
      "id": "franklin-gothic-alt",
      "name": "Franklin Gothic Alternative",
      "family": "Franklin Gothic Alternative",
      "category": "sans-serif",
      "description": "Strong and impactful",
      "recommended": false,
      "weight": 400
    },
    {
      "id": "montserrat-alt",
      "name": "Montserrat Alternative",
      "family": "Montserrat Alternative",
      "category": "sans-serif",
      "description": "Geometric - Urban and modern",
      "recommended": true,
      "weight": 400
    },
    {
      "id": "times-new-roman",
      "name": "Times New Roman",
      "family": "Times New Roman",
      "category": "serif",
      "description": "Classic Serif - Traditional and formal",
      "recommended": true,
      "weight": 400
    },
    {
      "id": "georgia",
      "name": "Georgia",
      "family": "Georgia",
      "category": "serif",
      "description": "Screen-Optimized Serif - Elegant",
      "recommended": true,
      "weight": 400
    },
    {
      "id": "palatino",
      "name": "Palatino",
      "family": "Palatino",
      "category": "serif",
      "description": "Elegant Serif - Renaissance style",
      "recommended": false,
      "weight": 400
    },
    {
      "id": "garamond",
      "name": "Garamond",
      "family": "Garamond",
      "category": "serif",
      "description": "Classic Book Font - Timeless",
      "recommended": false,
      "weight": 400
    },
    {
      "id": "cambria",
      "name": "Cambria",
      "family": "Cambria",
      "category": "serif",
      "description": "Modern Serif - Professional",
      "recommended": true,
      "weight": 400
    },
    {
      "id": "book-antiqua",
      "name": "Book Antiqua",
      "family": "Book Antiqua",
      "category": "serif",
      "description": "Traditional Serif - Classic beauty",
      "recommended": false,
      "weight": 400
    },
    {
      "id": "baskerville-alt",
      "name": "Baskerville Alternative",
      "family": "Baskerville Alternative",
      "category": "serif",
      "description": "Transitional serif - Refined",
      "recommended": false,
      "weight": 400
    },
    {
      "id": "courier-new",
      "name": "Courier New",
      "family": "Courier New",
      "category": "monospace",
      "description": "Classic Monospace - Code-friendly",
      "recommended": true,
      "weight": 400
    },
    {
      "id": "consolas",
      "name": "Consolas",
      "family": "Consolas",
      "category": "monospace",
      "description": "Developer Favorite - Clear and distinct",
      "recommended": true,
      "weight": 400
    },
    {
      "id": "monaco",
      "name": "Monaco",
      "family": "Monaco",
      "category": "monospace",
      "description": "macOS Monospace - Elegant code font",
      "recommended": true,
      "weight": 400
    },
    {
      "id": "lucida-console",
      "name": "Lucida Console",
      "family": "Lucida Console",
      "category": "monospace",
      "description": "Windows Monospace - Technical",
      "recommended": false,
      "weight": 400
    },
    {
      "id": "impact",
      "name": "Impact",
      "family": "Impact",
      "category": "display",
      "description": "Bold Display - Maximum impact",
      "recommended": true,
      "weight": 700
    },
    {
      "id": "comic-sans",
      "name": "Comic Sans MS",
      "family": "Comic Sans MS",
      "category": "display",
      "description": "Casual & Friendly - Accessible",
      "recommended": false,
      "weight": 400
    },
    {
      "id": "brush-script-alt",
      "name": "Brush Script Alternative",
      "family": "Brush Script Alternative",
      "category": "display",
      "description": "Handwriting style - Personal touch",
      "recommended": false,
      "weight": 400
    },
    {
      "id": "papyrus",
      "name": "Papyrus",
      "family": "Papyrus",
      "category": "display",
      "description": "Decorative - Unique character",
      "recommended": false,
      "weight": 400
    },
    {
      "id": "opendyslexic-alt",
      "name": "OpenDyslexic Alternative",
      "family": "OpenDyslexic Alternative",
      "category": "accessibility",
      "description": "Dyslexia-friendly - High readability",
      "recommended": true,
      "weight": 400
    },
    {
      "id": "exo-2-alt",
      "name": "Exo 2 Alternative",
      "family": "Exo 2 Alternative",
      "category": "sans-serif",
      "description": "Modern Geometric - Tech-inspired",
      "recommended": true,
      "weight": 400
    },
    {
      "id": "poppins-alt",
      "name": "Poppins Alternative",
      "family": "Poppins Alternative",
      "category": "sans-serif",
      "description": "Geometric Sans - Contemporary",
      "recommended": true,
      "weight": 400
    },
    {
      "id": "raleway-alt",
      "name": "Raleway Alternative",
      "family": "Raleway Alternative",
      "category": "sans-serif",
      "description": "Elegant Sans - Sophisticated",
      "recommended": false,
      "weight": 400
    },
    {
      "id": "oswald-alt",
      "name": "Oswald Alternative",
      "family": "Oswald Alternative",
      "category": "sans-serif",
      "description": "Condensed Sans - Bold headlines",
      "recommended": false,
      "weight": 400
    }
  ],
  "categories": [
    {
      "id": "sans-serif",
      "name": "Sans-Serif",
      "description": "Modern and clean fonts without decorative strokes"
    },
    {
      "id": "serif",
      "name": "Serif",
      "description": "Classic and elegant fonts with decorative strokes"
    },
    {
      "id": "monospace",
      "name": "Monospace",
      "description": "Fixed-width fonts perfect for code and technical content"
    },
    {
      "id": "display",
      "name": "Display",
      "description": "Decorative fonts for headlines and special effects"
    },
    {
      "id": "accessibility",
      "name": "Accessibility",
      "description": "Fonts optimized for readability and accessibility"
    }
  ],
  "presets": {
    "streaming": {
      "name": "Streaming Overlays",
      "fonts": ["exo-2-alt", "impact", "arial", "segoe-ui"]
    },
    "professional": {
      "name": "Professional",
      "fonts": ["calibri", "georgia", "times-new-roman", "arial"]
    },
    "modern": {
      "name": "Modern",
      "fonts": ["segoe-ui", "roboto-alt", "montserrat-alt", "poppins-alt"]
    },
    "accessible": {
      "name": "High Accessibility",
      "fonts": ["verdana", "opendyslexic-alt", "comic-sans", "arial"]
    },
    "technical": {
      "name": "Technical/Code",
      "fonts": ["consolas", "monaco", "courier-new", "lucida-console"]
    }
  }
}
